schedule,rate
1,5.70045
2,6.30525
3,6.90585
4,7.5054